{"embed_dim": 64, "num_heads": 16, "lr": 0.0005012373167231229, "weight_decay": 1.0332970430782394e-05, "batch_size": 32, "seq_length": 7}